[
  {"id":1,"phase":"Phase 0","stage":"Contract Signature","taskTitle":"Contract signed","clientName":"Project Agreement","owner":"Thomas","startDate":"6/5/25","dueDate":"6/24/25","dateCompleted":"","duration":20,"completed":false,"showToClient":true},

  {"id":2,"phase":"Phase 1","stage":"Project Kick Off & Stakeholder Alignment","taskTitle":"Roles & Key POC's Defining","clientName":"Team Setup","owner":"","startDate":"","dueDate":"","dateCompleted":"","duration":0,"completed":false,"showToClient":true},
  {"id":3,"phase":"Phase 1","stage":"Project Kick Off & Stakeholder Alignment","taskTitle":"Confirmed all key POC's for Client","clientName":"","owner":"Thomas","startDate":"6/24/25","dueDate":"7/1/25","dateCompleted":"","duration":8,"completed":false,"showToClient":false},
  {"id":4,"phase":"Phase 1","stage":"Project Kick Off & Stakeholder Alignment","taskTitle":"Defined internal launch team roles","clientName":"","owner":"Bianca Ume","startDate":"6/24/25","dueDate":"7/1/25","dateCompleted":"","duration":8,"completed":false,"showToClient":false},

  {"id":5,"phase":"Phase 1","stage":"Launch Data & Systems Prep","taskTitle":"Hubspot Setup & Client Specific Customizations","clientName":"System Configuration","owner":"","startDate":"","dueDate":"","dateCompleted":"","duration":0,"completed":false,"showToClient":true},
  {"id":6,"phase":"Phase 1","stage":"Launch Data & Systems Prep","taskTitle":"Pre Install Checklist Verified Accurate & Complete, Uploaded to Hubspot and Ops Notified","clientName":"","owner":"zachary@thrive365labs.com","startDate":"6/24/25","dueDate":"7/1/25","dateCompleted":"","duration":8,"completed":false,"showToClient":false},
  {"id":7,"phase":"Phase 1","stage":"Launch Data & Systems Prep","taskTitle":"Client Profile Complete Must include: Key POC's, LIS Contact, EMR Contact, CLIA Classification + Upgrade Needs","clientName":"","owner":"zachary@thrive365labs.com","startDate":"6/24/25","dueDate":"7/1/25","dateCompleted":"","duration":8,"completed":false,"showToClient":false},
  {"id":8,"phase":"Phase 1","stage":"Launch Data & Systems Prep","taskTitle":"Thrive Confirmed Specific Ancillary Supplies Client Needed (3-4 week lead time)","clientName":"","owner":"zachary@thrive365labs.com","startDate":"6/24/25","dueDate":"7/1/25","dateCompleted":"","duration":8,"completed":false,"showToClient":false},
  {"id":9,"phase":"Phase 1","stage":"Launch Data & Systems Prep","taskTitle":"Launch Related Contract Details Verified: Projected QUA Per Month based on Lab/Testing Report","clientName":"","owner":"zachary@thrive365labs.com, Jazzy","startDate":"6/24/25","dueDate":"7/1/25","dateCompleted":"","duration":8,"completed":false,"showToClient":false},

  {"id":10,"phase":"Phase 1","stage":"Launch Data & Systems Prep","taskTitle":"Billing Setup","clientName":"Billing Configuration","owner":"","startDate":"","dueDate":"","dateCompleted":"","duration":0,"completed":false,"showToClient":true},
  {"id":11,"phase":"Phase 1","stage":"Launch Data & Systems Prep","taskTitle":"Billing/Accounting Fee Schedule + CPT Verifications: Client Connected to Billing Support","clientName":"","owner":"zachary@thrive365labs.com","startDate":"6/24/25","dueDate":"7/1/25","dateCompleted":"","duration":8,"completed":false,"showToClient":false},

  {"id":12,"phase":"Phase 1","stage":"Launch Data & Systems Prep","taskTitle":"CLIA Upgrade (if Needed)","clientName":"Lab Certification","owner":"","startDate":"","dueDate":"","dateCompleted":"","duration":0,"completed":false,"showToClient":true},
  {"id":13,"phase":"Phase 1","stage":"Launch Data & Systems Prep","taskTitle":"Submit Paperwork to (New Clia Comp) for Upgrade","clientName":"","owner":"","startDate":"","dueDate":"","dateCompleted":"","duration":0,"completed":false,"showToClient":false},
  {"id":14,"phase":"Phase 1","stage":"Launch Data & Systems Prep","taskTitle":"Hiring Lab Director + Obtain CVs","clientName":"","owner":"","startDate":"","dueDate":"","dateCompleted":"","duration":0,"completed":false,"showToClient":false},
  {"id":15,"phase":"Phase 1","stage":"Launch Data & Systems Prep","taskTitle":"Hiring Lab Tech (MLT) + Obtain CVs","clientName":"","owner":"","startDate":"","dueDate":"","dateCompleted":"","duration":0,"completed":false,"showToClient":false},
  {"id":16,"phase":"Phase 1","stage":"Launch Data & Systems Prep","taskTitle":"Invoicing: Lab Director","clientName":"","owner":"","startDate":"","dueDate":"","dateCompleted":"","duration":0,"completed":false,"showToClient":false},

  {"id":17,"phase":"Phase 1","stage":"Launch Data & Systems Prep","taskTitle":"Tech Infrastructure Setup (Analyzer > LIS > EMR)","clientName":"Technical Setup","owner":"","startDate":"","dueDate":"","dateCompleted":"","duration":0,"completed":false,"showToClient":true},
  {"id":18,"phase":"Phase 1","stage":"Launch Data & Systems Prep","taskTitle":"Non Thrive LIS: Begin LIS Integration Connect with EMR Contact for Integration Needs","clientName":"","owner":"Jazzy","startDate":"7/1/25","dueDate":"7/6/25","dateCompleted":"","duration":6,"completed":false,"showToClient":false},
  {"id":19,"phase":"Phase 1","stage":"Launch Data & Systems Prep","taskTitle":"Non Thrive LIS: Begin LIS Integration Connect with LIS Contact for Integration Needs","clientName":"","owner":"Jazzy","startDate":"7/1/25","dueDate":"7/6/25","dateCompleted":"","duration":6,"completed":false,"showToClient":false},
  {"id":20,"phase":"Phase 1","stage":"Launch Data & Systems Prep","taskTitle":"ThriveLinx/ToxiLab: Connect with John","clientName":"","owner":"Jazzy","startDate":"","dueDate":"","dateCompleted":"","duration":0,"completed":false,"showToClient":false},
  {"id":21,"phase":"Phase 1","stage":"Launch Data & Systems Prep","taskTitle":"ThriveLinx/ToxiLab: Review LIS SOP & Complete POL needed to prepare for integration during go live week","clientName":"","owner":"Jazzy","startDate":"","dueDate":"","dateCompleted":"","duration":0,"completed":false,"showToClient":false},

  {"id":22,"phase":"Phase 1","stage":"Launch Data & Systems Prep","taskTitle":"Inventory Forecasting & Mgmt","clientName":"Equipment & Supplies","owner":"","startDate":"","dueDate":"","dateCompleted":"","duration":0,"completed":false,"showToClient":true},
  {"id":23,"phase":"Phase 1","stage":"Launch Data & Systems Prep","taskTitle":"Analyzer Procurement/Order Diazyme vs. Immotox vs. AU480 vs Zybio","clientName":"","owner":"Jazzy","startDate":"6/24/25","dueDate":"7/6/25","dateCompleted":"","duration":13,"completed":false,"showToClient":false},
  {"id":24,"phase":"Phase 1","stage":"Launch Data & Systems Prep","taskTitle":"Forecasting: Monthly/Yearly QUA Test Confirmation (Verifying Sales Usage Report Given)","clientName":"","owner":"Jazzy, darby@thrive365labs.com","startDate":"7/1/25","dueDate":"7/6/25","dateCompleted":"","duration":6,"completed":false,"showToClient":false},
  {"id":25,"phase":"Phase 1","stage":"Launch Data & Systems Prep","taskTitle":"Forecasting: Validation Kit = Linearity, Specificity, Interference Materials","clientName":"","owner":"Jazzy, darby@thrive365labs.com","startDate":"7/1/25","dueDate":"7/6/25","dateCompleted":"","duration":6,"completed":false,"showToClient":false},
  {"id":26,"phase":"Phase 1","stage":"Launch Data & Systems Prep","taskTitle":"Forecasting: Sample Kits ½ Cals/Controls/Reagents","clientName":"","owner":"Jazzy, darby@thrive365labs.com","startDate":"7/1/25","dueDate":"7/6/25","dateCompleted":"","duration":6,"completed":false,"showToClient":false},
  {"id":27,"phase":"Phase 1","stage":"Launch Data & Systems Prep","taskTitle":"Forecasting: Urine Samples Needed (Min. 30-50)","clientName":"","owner":"Jazzy, darby@thrive365labs.com, daniel@thrive365labs.com","startDate":"7/1/25","dueDate":"7/6/25","dateCompleted":"","duration":6,"completed":false,"showToClient":false},
  {"id":28,"phase":"Phase 1","stage":"Launch Data & Systems Prep","taskTitle":"Forecasting: Define live testing kits needed and initial 30-60 day supply cadence per initial volume projections","clientName":"","owner":"Jazzy, darby@thrive365labs.com","startDate":"7/1/25","dueDate":"7/6/25","dateCompleted":"","duration":6,"completed":false,"showToClient":false},
  {"id":29,"phase":"Phase 1","stage":"Launch Data & Systems Prep","taskTitle":"Prepare inventory management tracking in client portal for client","clientName":"","owner":"Bianca Ume, daniel@thrive365labs.com","startDate":"7/1/25","dueDate":"7/20/25","dateCompleted":"","duration":20,"completed":false,"showToClient":false},

  {"id":30,"phase":"Phase 1","stage":"Launch Data & Systems Prep","taskTitle":"Project Launch Management Board Setup","clientName":"Project Dashboard","owner":"","startDate":"","dueDate":"","dateCompleted":"","duration":0,"completed":false,"showToClient":true},
  {"id":31,"phase":"Phase 1","stage":"Launch Data & Systems Prep","taskTitle":"New Install Gantt Chart and associated Hubspot Deal Pipeline Changes","clientName":"","owner":"Jazzy, zachary@thrive365labs.com","startDate":"6/24/25","dueDate":"7/6/25","dateCompleted":"","duration":13,"completed":false,"showToClient":false},

  {"id":32,"phase":"Phase 1","stage":"Launch Data & Systems Prep","taskTitle":"General","clientName":"Planning & Logistics","owner":"","startDate":"","dueDate":"","dateCompleted":"","duration":0,"completed":false,"showToClient":true},
  {"id":33,"phase":"Phase 1","stage":"Launch Data & Systems Prep","taskTitle":"Contingency & Mitigation Plans Available","clientName":"","owner":"Jazzy, darby@thrive365labs.com","startDate":"7/1/25","dueDate":"7/6/25","dateCompleted":"","duration":6,"completed":false,"showToClient":false},
  {"id":34,"phase":"Phase 1","stage":"Launch Data & Systems Prep","taskTitle":"Confirm Installer Availability for Soft Pilot + Go Live Dates","clientName":"","owner":"Jazzy","startDate":"7/1/25","dueDate":"7/6/25","dateCompleted":"","duration":6,"completed":false,"showToClient":false},
  {"id":35,"phase":"Phase 1","stage":"Launch Data & Systems Prep","taskTitle":"Book Installer/Launch Team Trip Details","clientName":"","owner":"darby@thrive365labs.com","startDate":"7/1/25","dueDate":"7/6/25","dateCompleted":"","duration":6,"completed":false,"showToClient":false},

  {"id":36,"phase":"Phase 1","stage":"KPIs","taskTitle":"KPI's Solidified","clientName":"Success Metrics","owner":"","startDate":"","dueDate":"","dateCompleted":"","duration":0,"completed":false,"showToClient":true},
  {"id":37,"phase":"Phase 1","stage":"KPIs","taskTitle":"Target KPI's Defined for this Launch","clientName":"","owner":"Jazzy, darby@thrive365labs.com","startDate":"7/1/25","dueDate":"7/6/25","dateCompleted":"","duration":6,"completed":false,"showToClient":false},

  {"id":38,"phase":"Phase 2","stage":"Sprint 1: Core System Setups","taskTitle":"General","clientName":"System Setup","owner":"","startDate":"","dueDate":"","dateCompleted":"","duration":0,"completed":false,"showToClient":true},
  {"id":39,"phase":"Phase 2","stage":"Sprint 1: Core System Setups","taskTitle":"Ops Schedule Welcome Call","clientName":"","owner":"Jazzy","startDate":"7/1/25","dueDate":"7/14/25","dateCompleted":"","duration":14,"completed":false,"showToClient":false},

  {"id":40,"phase":"Phase 2","stage":"Sprint 1: Core System Setups","taskTitle":"Supply/System Orders","clientName":"Equipment Orders","owner":"","startDate":"","dueDate":"","dateCompleted":"","duration":0,"completed":false,"showToClient":true},
  {"id":41,"phase":"Phase 2","stage":"Sprint 1: Core System Setups","taskTitle":"Thrive sends Supplier New Client Email to Prepare SO for Manufacturer: Key Client Profile, Order Details","clientName":"","owner":"Jazzy","startDate":"7/1/25","dueDate":"7/14/25","dateCompleted":"","duration":14,"completed":false,"showToClient":false},
  {"id":42,"phase":"Phase 2","stage":"Sprint 1: Core System Setups","taskTitle":"Lead Time Confirmed for Validation, Sample Kit, and Live Testing Items, including those on Backorder","clientName":"","owner":"Jazzy","startDate":"7/1/25","dueDate":"7/14/25","dateCompleted":"","duration":14,"completed":false,"showToClient":false},
  {"id":43,"phase":"Phase 2","stage":"Sprint 1: Core System Setups","taskTitle":"SO Sent to Accounting/Thrive","clientName":"","owner":"darby@thrive365labs.com, Jazzy","startDate":"7/1/25","dueDate":"7/14/25","dateCompleted":"","duration":14,"completed":false,"showToClient":false},
  {"id":44,"phase":"Phase 2","stage":"Sprint 1: Core System Setups","taskTitle":"SO Reviewed and Formal PO Sent","clientName":"","owner":"darby@thrive365labs.com, Jazzy","startDate":"7/1/25","dueDate":"7/14/25","dateCompleted":"","duration":14,"completed":false,"showToClient":false},
  {"id":45,"phase":"Phase 2","stage":"Sprint 1: Core System Setups","taskTitle":"Validation Kit + 200 Sample Items Ordered","clientName":"","owner":"darby@thrive365labs.com, Jazzy","startDate":"12/14/25","dueDate":"7/21/25","dateCompleted":"","duration":-142,"completed":false,"showToClient":false},
  {"id":46,"phase":"Phase 2","stage":"Sprint 1: Core System Setups","taskTitle":"BHB Linearity and Group Audit Linearity Kit Ordered","clientName":"","owner":"Jazzy, darby@thrive365labs.com","startDate":"","dueDate":"","dateCompleted":"","duration":0,"completed":false,"showToClient":false},
  {"id":47,"phase":"Phase 2","stage":"Sprint 1: Core System Setups","taskTitle":"Formally CONFIRM Ancillary Supplies Needed by Lab","clientName":"","owner":"Jazzy, darby@thrive365labs.com","startDate":"","dueDate":"","dateCompleted":"","duration":0,"completed":false,"showToClient":false},
  {"id":48,"phase":"Phase 2","stage":"Sprint 1: Core System Setups","taskTitle":"All Ancillary Supplies Ordered by Thrive 365 Labs for Reimbursement","clientName":"","owner":"darby@thrive365labs.com, Jazzy","startDate":"","dueDate":"","dateCompleted":"","duration":0,"completed":false,"showToClient":false},
  {"id":49,"phase":"Phase 2","stage":"Sprint 1: Core System Setups","taskTitle":"DI Water Source Procured","clientName":"","owner":"darby@thrive365labs.com, Jazzy","startDate":"7/14/25","dueDate":"7/21/25","dateCompleted":"","duration":7,"completed":false,"showToClient":false},
  {"id":50,"phase":"Phase 2","stage":"Sprint 1: Core System Setups","taskTitle":"Confirm Analyzer In Coming & Obtain Tracking","clientName":"","owner":"darby@thrive365labs.com","startDate":"","dueDate":"","dateCompleted":"","duration":0,"completed":false,"showToClient":false},

  {"id":51,"phase":"Phase 2","stage":"Sprint 1: Core System Setups","taskTitle":"CLIA Upgrade (if Needed)","clientName":"Lab Certification Progress","owner":"","startDate":"","dueDate":"","dateCompleted":"","duration":0,"completed":false,"showToClient":true},
  {"id":52,"phase":"Phase 2","stage":"Sprint 1: Core System Setups","taskTitle":"CLIA Upgrade Check In","clientName":"","owner":"","startDate":"","dueDate":"","dateCompleted":"","duration":0,"completed":false,"showToClient":false},
  {"id":53,"phase":"Phase 2","stage":"Sprint 1: Core System Setups","taskTitle":"Invoicing: CLIA Service","clientName":"","owner":"","startDate":"","dueDate":"","dateCompleted":"","duration":0,"completed":false,"showToClient":false},

  {"id":54,"phase":"Phase 2","stage":"Sprint 1: Core System Setups","taskTitle":"Billing Setup","clientName":"Billing Finalization","owner":"","startDate":"","dueDate":"","dateCompleted":"","duration":0,"completed":false,"showToClient":true},
  {"id":55,"phase":"Phase 2","stage":"Sprint 1: Core System Setups","taskTitle":"Ensure CPT Verifications/Accounting Information/Fee Schedule Complete and Align with Contract (2nd checkpoint)","clientName":"","owner":"Jazzy, zachary@thrive365labs.com","startDate":"7/1/25","dueDate":"7/14/25","dateCompleted":"","duration":14,"completed":false,"showToClient":false},

  {"id":56,"phase":"Phase 2","stage":"Sprint 2: Lab & QUA Pilot Prep","taskTitle":"Welcome Call","clientName":"Kickoff Meeting","owner":"","startDate":"","dueDate":"","dateCompleted":"","duration":0,"completed":false,"showToClient":true},
  {"id":57,"phase":"Phase 2","stage":"Sprint 2: Lab & QUA Pilot Prep","taskTitle":"Implementation POA Prepared Pre Welcome Call","clientName":"","owner":"Jazzy","startDate":"7/14/25","dueDate":"7/20/25","dateCompleted":"","duration":7,"completed":false,"showToClient":false},
  {"id":58,"phase":"Phase 2","stage":"Sprint 2: Lab & QUA Pilot Prep","taskTitle":"Client Welcome Call & Check In Confirmed with Key POCs","clientName":"","owner":"Jazzy, Thomas, Stephen","startDate":"7/14/25","dueDate":"7/20/25","dateCompleted":"","duration":7,"completed":false,"showToClient":false},
  {"id":59,"phase":"Phase 2","stage":"Sprint 2: Lab & QUA Pilot Prep","taskTitle":"Welcome Call Hosted","clientName":"","owner":"Jazzy, zachary@thrive365labs.com, darby@thrive365labs.com, daniel@thrive365labs.com, Thomas, Stephen","startDate":"7/21/25","dueDate":"7/25/25","dateCompleted":"","duration":5,"completed":false,"showToClient":false},

  {"id":60,"phase":"Phase 2","stage":"Sprint 2: Lab & QUA Pilot Prep","taskTitle":"Supply/System Orders","clientName":"Equipment Delivery","owner":"","startDate":"","dueDate":"","dateCompleted":"","duration":0,"completed":false,"showToClient":true},
  {"id":61,"phase":"Phase 2","stage":"Sprint 2: Lab & QUA Pilot Prep","taskTitle":"Confirm Validation & Sample Kits In Coming & Tracking Received","clientName":"","owner":"daniel@thrive365labs.com, riyap@thrive365labs.com","startDate":"","dueDate":"","dateCompleted":"","duration":0,"completed":false,"showToClient":false},
  {"id":62,"phase":"Phase 2","stage":"Sprint 2: Lab & QUA Pilot Prep","taskTitle":"Backordered Item Procurement and Expected Delivery Confirmed","clientName":"","owner":"Bianca Ume, riyap@thrive365labs.com","startDate":"","dueDate":"","dateCompleted":"","duration":0,"completed":false,"showToClient":false},

  {"id":63,"phase":"Phase 2","stage":"Sprint 3: Soft-Pilot","taskTitle":"Supply/System Orders","clientName":"Final Equipment Setup","owner":"","startDate":"","dueDate":"","dateCompleted":"","duration":0,"completed":false,"showToClient":true},
  {"id":64,"phase":"Phase 2","stage":"Sprint 3: Soft-Pilot","taskTitle":"Ancillary Supplies Delivered","clientName":"","owner":"daniel@thrive365labs.com, riyap@thrive365labs.com","startDate":"","dueDate":"","dateCompleted":"","duration":0,"completed":false,"showToClient":false},
  {"id":65,"phase":"Phase 2","stage":"Sprint 3: Soft-Pilot","taskTitle":"Analyzer Delivered","clientName":"","owner":"Bianca Ume","startDate":"","dueDate":"","dateCompleted":"","duration":0,"completed":false,"showToClient":false},
  {"id":66,"phase":"Phase 2","stage":"Sprint 3: Soft-Pilot","taskTitle":"Analyzer Installation Complete","clientName":"","owner":"Jeff","startDate":"","dueDate":"","dateCompleted":"","duration":0,"completed":false,"showToClient":false},
  {"id":67,"phase":"Phase 2","stage":"Sprint 3: Soft-Pilot","taskTitle":"Analyzer Any Desk Setup (Ensure Unattended Access)","clientName":"","owner":"daniel@thrive365labs.com","startDate":"","dueDate":"","dateCompleted":"","duration":0,"completed":false,"showToClient":false},
  {"id":68,"phase":"Phase 2","stage":"Sprint 3: Soft-Pilot","taskTitle":"Confirm All Validation + Live Items En Route with Backorders","clientName":"","owner":"daniel@thrive365labs.com, darby@thrive365labs.com","startDate":"","dueDate":"","dateCompleted":"","duration":0,"completed":false,"showToClient":false},

  {"id":69,"phase":"Phase 2","stage":"Sprint 3: Soft-Pilot","taskTitle":"Technical Installation Preparations","clientName":"System Preparation","owner":"","startDate":"","dueDate":"","dateCompleted":"","duration":0,"completed":false,"showToClient":true},
  {"id":70,"phase":"Phase 2","stage":"Sprint 3: Soft-Pilot","taskTitle":"Lab Director and Tech provided IFU's and SOPs/User Guides","clientName":"","owner":"darby@thrive365labs.com, daniel@thrive365labs.com","startDate":"","dueDate":"","dateCompleted":"","duration":0,"completed":false,"showToClient":false},

  {"id":71,"phase":"Phase 2","stage":"Sprint 3: Soft-Pilot","taskTitle":"Virtual Soft Pilot","clientName":"Pre-Launch Testing","owner":"","startDate":"","dueDate":"","dateCompleted":"","duration":0,"completed":false,"showToClient":true},
  {"id":72,"phase":"Phase 2","stage":"Sprint 3: Soft-Pilot","taskTitle":"Virtual Soft Validation: Pre Launch Feedback","clientName":"","owner":"Bianca Ume, chrisc@thrive365labs.com, riyap@thrive365labs.com, daniel@thrive365labs.com","startDate":"","dueDate":"","dateCompleted":"","duration":0,"completed":false,"showToClient":false},
  {"id":73,"phase":"Phase 2","stage":"Sprint 3: Soft-Pilot","taskTitle":"Virtual Soft Validation: Confirming receipt of Validation + Sample Items via Packing Slip","clientName":"","owner":"Bianca Ume, chrisc@thrive365labs.com, riyap@thrive365labs.com, daniel@thrive365labs.com","startDate":"","dueDate":"","dateCompleted":"","duration":0,"completed":false,"showToClient":false},
  {"id":74,"phase":"Phase 2","stage":"Sprint 3: Soft-Pilot","taskTitle":"Virtual Soft Validation: Ancillary Supply Checklist","clientName":"","owner":"Bianca Ume, chrisc@thrive365labs.com, riyap@thrive365labs.com, daniel@thrive365labs.com","startDate":"","dueDate":"","dateCompleted":"","duration":0,"completed":false,"showToClient":false},
  {"id":75,"phase":"Phase 2","stage":"Sprint 3: Soft-Pilot","taskTitle":"Virtual Soft Validation: LIS Connection & Compatibility Check In","clientName":"","owner":"Bianca Ume, chrisc@thrive365labs.com, riyap@thrive365labs.com, daniel@thrive365labs.com","startDate":"","dueDate":"","dateCompleted":"","duration":0,"completed":false,"showToClient":false},
  {"id":76,"phase":"Phase 2","stage":"Sprint 3: Soft-Pilot","taskTitle":"Virtual Soft Validation: Final Preparations for Go Live","clientName":"","owner":"Bianca Ume, chrisc@thrive365labs.com, riyap@thrive365labs.com, daniel@thrive365labs.com","startDate":"","dueDate":"","dateCompleted":"","duration":0,"completed":false,"showToClient":false},
  {"id":77,"phase":"Phase 2","stage":"Sprint 3: Soft-Pilot","taskTitle":"Virtual Soft Validation: Urine Samples Obtained by Clinic","clientName":"","owner":"Bianca Ume, chrisc@thrive365labs.com, riyap@thrive365labs.com, daniel@thrive365labs.com","startDate":"","dueDate":"","dateCompleted":"","duration":0,"completed":false,"showToClient":false},
  {"id":78,"phase":"Phase 2","stage":"Sprint 3: Soft-Pilot","taskTitle":"Virtual Soft Validation: Thrive 365 Welcome Packet & User Guide Provided","clientName":"","owner":"Bianca Ume, chrisc@thrive365labs.com, riyap@thrive365labs.com, daniel@thrive365labs.com","startDate":"","dueDate":"","dateCompleted":"","duration":0,"completed":false,"showToClient":false},
  {"id":79,"phase":"Phase 2","stage":"Sprint 3: Soft-Pilot","taskTitle":"Systems & Parameter Setup","clientName":"","owner":"daniel@thrive365labs.com","startDate":"","dueDate":"","dateCompleted":"","duration":0,"completed":false,"showToClient":false},

  {"id":80,"phase":"Phase 3","stage":"Training","taskTitle":"Training & Validation","clientName":"Team Training","owner":"","startDate":"","dueDate":"","dateCompleted":"","duration":0,"completed":false,"showToClient":true},
  {"id":81,"phase":"Phase 3","stage":"Training","taskTitle":"Review Install SOP with Lab Tech & Begin Validation Process + Training Checklist","clientName":"","owner":"daniel@thrive365labs.com, chrisc@thrive365labs.com","startDate":"","dueDate":"","dateCompleted":"","duration":0,"completed":false,"showToClient":false},

  {"id":82,"phase":"Phase 3","stage":"Validation","taskTitle":"Validation Studies","clientName":"Quality Assurance","owner":"","startDate":"","dueDate":"","dateCompleted":"","duration":0,"completed":false,"showToClient":true},
  {"id":83,"phase":"Phase 3","stage":"Validation","taskTitle":"Setup Reagents/Cals/QCs","clientName":"","owner":"daniel@thrive365labs.com, chrisc@thrive365labs.com","startDate":"","dueDate":"","dateCompleted":"","duration":0,"completed":false,"showToClient":false},
  {"id":84,"phase":"Phase 3","stage":"Validation","taskTitle":"Intraprecision","clientName":"","owner":"daniel@thrive365labs.com, chrisc@thrive365labs.com","startDate":"","dueDate":"","dateCompleted":"","duration":0,"completed":false,"showToClient":false},
  {"id":85,"phase":"Phase 3","stage":"Validation","taskTitle":"Interprecision","clientName":"","owner":"daniel@thrive365labs.com, chrisc@thrive365labs.com","startDate":"","dueDate":"","dateCompleted":"","duration":0,"completed":false,"showToClient":false},
  {"id":86,"phase":"Phase 3","stage":"Validation","taskTitle":"Interference Mix","clientName":"","owner":"daniel@thrive365labs.com, chrisc@thrive365labs.com","startDate":"","dueDate":"","dateCompleted":"","duration":0,"completed":false,"showToClient":false},
  {"id":87,"phase":"Phase 3","stage":"Validation","taskTitle":"Linearity","clientName":"","owner":"daniel@thrive365labs.com, chrisc@thrive365labs.com","startDate":"","dueDate":"","dateCompleted":"","duration":0,"completed":false,"showToClient":false},
  {"id":88,"phase":"Phase 3","stage":"Validation","taskTitle":"Specificity","clientName":"","owner":"daniel@thrive365labs.com, chrisc@thrive365labs.com","startDate":"","dueDate":"","dateCompleted":"","duration":0,"completed":false,"showToClient":false},
  {"id":89,"phase":"Phase 3","stage":"Validation","taskTitle":"LODs","clientName":"","owner":"daniel@thrive365labs.com, chrisc@thrive365labs.com","startDate":"","dueDate":"","dateCompleted":"","duration":0,"completed":false,"showToClient":false},
  {"id":90,"phase":"Phase 3","stage":"Validation","taskTitle":"LOBs","clientName":"","owner":"daniel@thrive365labs.com, chrisc@thrive365labs.com","startDate":"","dueDate":"","dateCompleted":"","duration":0,"completed":false,"showToClient":false},
  {"id":91,"phase":"Phase 3","stage":"Validation","taskTitle":"Patient Correlation Studies","clientName":"","owner":"daniel@thrive365labs.com, chrisc@thrive365labs.com","startDate":"","dueDate":"","dateCompleted":"","duration":0,"completed":false,"showToClient":false},

  {"id":92,"phase":"Phase 3","stage":"Go-Live","taskTitle":"System Launch","clientName":"Go Live","owner":"","startDate":"","dueDate":"","dateCompleted":"","duration":0,"completed":false,"showToClient":true},
  {"id":93,"phase":"Phase 3","stage":"Go-Live","taskTitle":"Final Go-Live Authorization","clientName":"","owner":"Bianca Ume, daniel@thrive365labs.com","startDate":"","dueDate":"","dateCompleted":"","duration":0,"completed":false,"showToClient":false},
  {"id":94,"phase":"Phase 3","stage":"Go-Live","taskTitle":"Go-Live Day Support","clientName":"","owner":"daniel@thrive365labs.com, chrisc@thrive365labs.com","startDate":"","dueDate":"","dateCompleted":"","duration":0,"completed":false,"showToClient":false},
  {"id":95,"phase":"Phase 3","stage":"Go-Live","taskTitle":"First Live Patient Samples Processed","clientName":"","owner":"daniel@thrive365labs.com","startDate":"","dueDate":"","dateCompleted":"","duration":0,"completed":false,"showToClient":false},

  {"id":96,"phase":"Phase 4","stage":"Monitoring & Customer Support","taskTitle":"Post-Launch Monitoring","clientName":"Ongoing Support","owner":"","startDate":"","dueDate":"","dateCompleted":"","duration":0,"completed":false,"showToClient":true},
  {"id":97,"phase":"Phase 4","stage":"Monitoring & Customer Support","taskTitle":"Week 1 Check-in Call","clientName":"","owner":"Bianca Ume","startDate":"","dueDate":"","dateCompleted":"","duration":0,"completed":false,"showToClient":false},
  {"id":98,"phase":"Phase 4","stage":"Monitoring & Customer Support","taskTitle":"Week 2 Check-in Call","clientName":"","owner":"Bianca Ume","startDate":"","dueDate":"","dateCompleted":"","duration":0,"completed":false,"showToClient":false},
  {"id":99,"phase":"Phase 4","stage":"Monitoring & Customer Support","taskTitle":"30-Day Performance Review","clientName":"","owner":"Bianca Ume, Jazzy","startDate":"","dueDate":"","dateCompleted":"","duration":0,"completed":false,"showToClient":false},
  {"id":100,"phase":"Phase 4","stage":"Monitoring & Customer Support","taskTitle":"60-Day Performance Review","clientName":"","owner":"Bianca Ume, Jazzy","startDate":"","dueDate":"","dateCompleted":"","duration":0,"completed":false,"showToClient":false},
  {"id":101,"phase":"Phase 4","stage":"Monitoring & Customer Support","taskTitle":"90-Day Final Review & Handoff to Account Management","clientName":"","owner":"Bianca Ume, Jazzy","startDate":"","dueDate":"","dateCompleted":"","duration":0,"completed":false,"showToClient":false},
  {"id":102,"phase":"Phase 4","stage":"Monitoring & Customer Support","taskTitle":"Ongoing Technical Support Available","clientName":"","owner":"daniel@thrive365labs.com","startDate":"","dueDate":"","dateCompleted":"","duration":0,"completed":false,"showToClient":false}
]
